{
    "ASR": 62.66666666666667,
    "SAQ": 21.76595744680851,
    "TAQ": 80.66071428571429,
    "EVN": 26,
    "ER": 17.333333333333336,
    "count": 150,
    "sql": {
        "AF": {
            "5": 75,
            "11": 85,
            "4": 91,
            "2": 82,
            "1": 78,
            "9": 90,
            "10": 95,
            "6": 75,
            "8": 88,
            "3": 91,
            "13": 81,
            "0": 82,
            "12": 83,
            "7": 90,
            "14": 86
        }
    },
    "xss": {
        "AF": {
            "6": 27,
            "10": 25,
            "22": 23,
            "21": 27,
            "9": 37,
            "2": 33,
            "17": 19,
            "13": 32,
            "15": 32,
            "0": 39,
            "4": 32,
            "7": 33,
            "12": 35,
            "23": 29,
            "1": 22,
            "20": 29,
            "16": 16,
            "11": 26,
            "8": 31,
            "19": 27,
            "5": 29,
            "18": 13,
            "14": 35,
            "3": 29
        }
    }
}