{
    "ASR": 54.22535211267606,
    "SAQ": 20.5974025974026,
    "TAQ": 80.15384615384616,
    "EVN": 22,
    "ER": 15.492957746478872,
    "count": 142,
    "sql": {
        "AF": {
            "0": 94,
            "12": 68,
            "8": 64,
            "5": 68,
            "4": 82,
            "9": 77,
            "6": 70,
            "10": 73,
            "14": 76,
            "11": 87,
            "3": 68,
            "1": 67,
            "13": 67,
            "7": 78,
            "2": 73
        }
    },
    "xss": {
        "AF": {
            "14": 16,
            "8": 16,
            "23": 25,
            "20": 21,
            "5": 17,
            "11": 19,
            "16": 24,
            "0": 19,
            "21": 14,
            "13": 12,
            "18": 14,
            "7": 24,
            "12": 9,
            "9": 12,
            "15": 26,
            "22": 13,
            "3": 13,
            "19": 17,
            "17": 10,
            "1": 18,
            "6": 19,
            "10": 15,
            "2": 12,
            "4": 12
        }
    }
}