{
    "ASR": 55.39568345323741,
    "SAQ": 22.2987012987013,
    "TAQ": 82.96774193548387,
    "EVN": 17,
    "ER": 12.23021582733813,
    "count": 139,
    "sql": {
        "AF": {
            "0": 82,
            "11": 85,
            "9": 102,
            "1": 94,
            "10": 91,
            "14": 89,
            "5": 77,
            "7": 89,
            "12": 79,
            "8": 71,
            "6": 72,
            "2": 83,
            "4": 105,
            "3": 90,
            "13": 68
        }
    },
    "xss": {
        "AF": {
            "11": 23,
            "12": 16,
            "1": 16,
            "3": 11,
            "10": 16,
            "15": 11,
            "8": 13,
            "2": 17,
            "18": 18,
            "22": 12,
            "5": 19,
            "0": 18,
            "16": 9,
            "17": 8,
            "19": 16,
            "9": 22,
            "23": 17,
            "6": 18,
            "20": 20,
            "14": 15,
            "4": 10,
            "13": 16,
            "7": 12,
            "21": 10
        }
    }
}