{
    "ASR": 48.507462686567166,
    "SAQ": 23.6,
    "TAQ": 74.98550724637681,
    "EVN": 20,
    "ER": 14.925373134328357,
    "count": 134,
    "sql": {
        "AF": {
            "6": 55,
            "3": 71,
            "11": 66,
            "5": 67,
            "10": 69,
            "13": 60,
            "7": 66,
            "0": 68,
            "1": 68,
            "8": 62,
            "4": 68,
            "14": 52,
            "12": 73,
            "2": 72,
            "9": 71
        }
    },
    "xss": {
        "AF": {
            "6": 17,
            "15": 23,
            "17": 14,
            "3": 19,
            "18": 18,
            "20": 18,
            "14": 18,
            "22": 20,
            "11": 18,
            "0": 17,
            "21": 23,
            "1": 15,
            "2": 24,
            "12": 26,
            "8": 12,
            "9": 26,
            "23": 26,
            "7": 24,
            "4": 19,
            "13": 29,
            "19": 17,
            "16": 23,
            "10": 14,
            "5": 21
        }
    }
}