{
    "ASR": 51.42857142857142,
    "SAQ": 23.0,
    "TAQ": 76.72058823529412,
    "EVN": 29,
    "ER": 20.714285714285715,
    "count": 140,
    "sql": {
        "AF": {
            "11": 79,
            "4": 80,
            "6": 65,
            "7": 71,
            "10": 96,
            "0": 68,
            "5": 87,
            "9": 89,
            "8": 73,
            "3": 70,
            "14": 81,
            "12": 72,
            "1": 70,
            "13": 83,
            "2": 68
        }
    },
    "xss": {
        "AF": {
            "22": 18,
            "10": 26,
            "13": 26,
            "8": 15,
            "4": 13,
            "21": 11,
            "23": 18,
            "9": 23,
            "6": 21,
            "2": 16,
            "7": 19,
            "20": 25,
            "1": 18,
            "16": 14,
            "18": 20,
            "5": 20,
            "19": 20,
            "0": 17,
            "11": 23,
            "3": 12,
            "17": 11,
            "12": 16,
            "14": 15,
            "15": 15
        }
    }
}