{
    "ASR": 45.52845528455284,
    "SAQ": 20.571428571428573,
    "TAQ": 83.61194029850746,
    "EVN": 21,
    "ER": 17.073170731707318,
    "count": 123,
    "sql": {
        "AF": {
            "1": 46,
            "6": 49,
            "11": 54,
            "2": 43,
            "14": 61,
            "4": 52,
            "10": 43,
            "9": 41,
            "8": 50,
            "3": 46,
            "12": 47,
            "5": 43,
            "7": 46,
            "13": 50,
            "0": 47
        }
    },
    "xss": {
        "AF": {
            "4": 24,
            "12": 16,
            "21": 19,
            "15": 19,
            "0": 21,
            "17": 10,
            "13": 20,
            "22": 9,
            "11": 17,
            "1": 17,
            "5": 13,
            "14": 14,
            "23": 13,
            "8": 18,
            "3": 19,
            "19": 10,
            "9": 15,
            "16": 20,
            "6": 12,
            "7": 14,
            "10": 22,
            "20": 19,
            "2": 8,
            "18": 9
        }
    }
}