{
    "ASR": 51.82481751824818,
    "SAQ": 22.802816901408452,
    "TAQ": 80.21212121212122,
    "EVN": 16,
    "ER": 11.678832116788321,
    "count": 137,
    "sql": {
        "AF": {
            "2": 75,
            "12": 84,
            "6": 86,
            "10": 90,
            "13": 81,
            "9": 89,
            "11": 64,
            "0": 91,
            "14": 69,
            "4": 74,
            "8": 72,
            "5": 82,
            "1": 83,
            "3": 95,
            "7": 72
        }
    },
    "xss": {
        "AF": {
            "8": 12,
            "12": 21,
            "14": 15,
            "23": 18,
            "7": 15,
            "15": 16,
            "1": 7,
            "2": 18,
            "16": 15,
            "11": 12,
            "10": 17,
            "13": 14,
            "4": 12,
            "19": 12,
            "21": 17,
            "22": 14,
            "18": 15,
            "5": 11,
            "3": 12,
            "0": 24,
            "20": 13,
            "6": 11,
            "9": 15,
            "17": 5
        }
    }
}