{
    "ASR": 47.41379310344828,
    "SAQ": 27.98181818181818,
    "TAQ": 83.88524590163935,
    "EVN": 18,
    "ER": 15.517241379310345,
    "count": 116,
    "sql": {
        "AF": {
            "9": 92,
            "1": 82,
            "7": 77,
            "4": 96,
            "3": 92,
            "0": 72,
            "5": 99,
            "2": 69,
            "14": 74,
            "6": 67,
            "11": 68,
            "8": 72,
            "12": 108,
            "13": 78,
            "10": 82
        }
    },
    "xss": {
        "AF": {
            "12": 11,
            "5": 16,
            "9": 20,
            "4": 7,
            "17": 6,
            "16": 9,
            "22": 9,
            "23": 14,
            "20": 12,
            "2": 18,
            "14": 5,
            "6": 9,
            "13": 12,
            "3": 8,
            "18": 3,
            "19": 7,
            "8": 13,
            "21": 7,
            "1": 11,
            "10": 10,
            "0": 11,
            "15": 15,
            "7": 11,
            "11": 12
        }
    }
}