{
    "ASR": 51.798561151079134,
    "SAQ": 22.291666666666668,
    "TAQ": 78.65671641791045,
    "EVN": 25,
    "ER": 17.985611510791365,
    "count": 139,
    "sql": {
        "AF": {
            "13": 98,
            "8": 90,
            "2": 86,
            "4": 78,
            "14": 88,
            "5": 74,
            "12": 70,
            "1": 72,
            "3": 106,
            "7": 75,
            "11": 76,
            "9": 76,
            "0": 68,
            "10": 78,
            "6": 64
        }
    },
    "xss": {
        "AF": {
            "19": 12,
            "22": 14,
            "18": 7,
            "6": 8,
            "1": 12,
            "9": 15,
            "7": 23,
            "10": 14,
            "12": 18,
            "23": 15,
            "20": 18,
            "15": 16,
            "14": 18,
            "11": 17,
            "0": 16,
            "5": 15,
            "13": 13,
            "3": 9,
            "8": 17,
            "17": 4,
            "16": 8,
            "4": 18,
            "21": 16,
            "2": 11
        }
    }
}