{
    "ASR": 52.51798561151079,
    "SAQ": 23.835616438356166,
    "TAQ": 76.9090909090909,
    "EVN": 20,
    "ER": 14.388489208633093,
    "count": 139,
    "sql": {
        "AF": {
            "5": 87,
            "6": 85,
            "0": 92,
            "12": 126,
            "4": 91,
            "9": 90,
            "8": 90,
            "10": 91,
            "14": 93,
            "1": 97,
            "3": 78,
            "11": 94,
            "2": 93,
            "13": 84,
            "7": 92
        }
    },
    "xss": {
        "AF": {
            "8": 12,
            "1": 12,
            "15": 10,
            "16": 13,
            "14": 12,
            "19": 10,
            "23": 10,
            "12": 13,
            "2": 9,
            "13": 14,
            "5": 7,
            "18": 16,
            "9": 18,
            "4": 17,
            "20": 14,
            "6": 6,
            "0": 11,
            "11": 9,
            "17": 8,
            "3": 14,
            "22": 10,
            "21": 16,
            "7": 7,
            "10": 16
        }
    }
}