{
    "sql": {
        "ASR": 0.11584633853541416,
        "SAQ": 21.502590673575128,
        "TAQ": 90.90090090090091,
        "EVN": 88,
        "ER": 0.14332247557003258,
        "AF": {
            "4": 3,
            "3": 11,
            "1": 43,
            "7": 5,
            "11": 15,
            "9": 1900,
            "6": 1,
            "8": 5,
            "0": 2071,
            "5": 92,
            "2": 1,
            "10": 3
        },
        "Count": 1666
    },
    "xss": {
        "ASR": 0.030303030303030304,
        "SAQ": 30.0,
        "TAQ": 97.8125,
        "EVN": 1,
        "ER": 0.030303030303030304,
        "AF": {
            "0": 1,
            "12": 1,
            "13": 28
        },
        "Count": 33
    },
    "ASR": 0.11418481459682166,
    "SAQ": 21.54639175257732,
    "TAQ": 91.03123158515027,
    "EVN": 89,
    "ER": 0.1375579598145286,
    "count": 1699
}