{
    "ASR": 0.5752212389380531,
    "SAQ": 128.15384615384616,
    "TAQ": 463.70672820876973,
    "EVN": 20,
    "ER": 17.699115044247787,
    "count": 113,
    "sql": {
        "AF": {
            "7": 1348,
            "6": 1314,
            "1": 1482,
            "2": 1362,
            "10": 1370,
            "5": 1256,
            "4": 1260,
            "8": 1464,
            "11": 1278,
            "0": 1334,
            "3": 1470,
            "9": 1278
        }
    },
    "xss": {
        "AF": {
            "3": 18,
            "13": 24,
            "20": 16,
            "17": 16,
            "6": 20,
            "8": 14,
            "7": 26,
            "21": 14,
            "4": 16,
            "0": 18,
            "2": 12,
            "18": 22,
            "16": 12,
            "14": 18,
            "19": 16,
            "10": 12,
            "9": 20,
            "1": 2,
            "11": 6,
            "5": 12,
            "12": 8,
            "15": 2
        }
    }
}