{
    "ASR": 0.51,
    "SAQ": 142.7450980392157,
    "TAQ": 462.24591329068943,
    "EVN": 17,
    "ER": 17.0,
    "count": 100,
    "sql": {
        "AF": {
            "2": 30,
            "8": 39,
            "4": 19,
            "0": 20,
            "7": 26,
            "10": 23,
            "3": 26,
            "5": 30,
            "6": 21,
            "9": 19,
            "1": 24,
            "11": 26
        }
    },
    "xss": {
        "AF": {
            "9": 1,
            "15": 1,
            "0": 1,
            "20": 1,
            "7": 1,
            "5": 2,
            "8": 1,
            "18": 2,
            "10": 1,
            "2": 1
        }
    }
}