{
    "ASR": 0.5818181818181818,
    "SAQ": 178.28125,
    "TAQ": 449.4704755269117,
    "EVN": 25,
    "ER": 22.727272727272727,
    "count": 110,
    "sql": {
        "AF": {
            "8": 49,
            "7": 27,
            "9": 27,
            "11": 34,
            "1": 33,
            "6": 29,
            "0": 26,
            "10": 25,
            "2": 24,
            "3": 27,
            "5": 32,
            "4": 19,
            "15": 1
        }
    },
    "xss": {
        "AF": {
            "18": 2,
            "16": 2,
            "5": 5,
            "2": 4,
            "12": 3,
            "3": 2,
            "13": 3,
            "0": 2,
            "9": 2,
            "19": 1,
            "14": 2,
            "10": 3,
            "1": 1,
            "7": 1,
            "11": 1,
            "6": 2,
            "4": 2,
            "8": 1,
            "21": 1
        }
    }
}