{
    "ASR": 0.49523809523809526,
    "SAQ": 104.8076923076923,
    "TAQ": 466.1300256629598,
    "EVN": 11,
    "ER": 10.476190476190476,
    "count": 105,
    "sql": {
        "AF": {
            "1": 23,
            "7": 18,
            "6": 13,
            "0": 30,
            "10": 25,
            "3": 33,
            "9": 36,
            "4": 25,
            "5": 24,
            "8": 22,
            "2": 28,
            "11": 19
        }
    },
    "xss": {
        "AF": {
            "20": 2,
            "4": 1,
            "8": 2,
            "21": 2,
            "11": 1,
            "3": 2,
            "9": 1,
            "2": 2,
            "0": 3,
            "17": 1,
            "16": 1,
            "1": 1,
            "14": 1,
            "12": 1,
            "7": 1,
            "5": 1
        }
    }
}