{
    "ASR": 0.6,
    "SAQ": 73.84615384615384,
    "TAQ": 460.01558171745154,
    "EVN": 23,
    "ER": 17.692307692307693,
    "count": 130,
    "sql": {
        "AF": {
            "5": 28,
            "3": 29,
            "1": 25,
            "0": 25,
            "8": 31,
            "4": 16,
            "11": 34,
            "10": 29,
            "9": 32,
            "7": 26,
            "2": 20,
            "6": 21,
            "15": 4,
            "21": 1,
            "17": 1,
            "13": 1
        }
    },
    "xss": {
        "AF": {
            "10": 2,
            "3": 6,
            "1": 3,
            "12": 4,
            "20": 8,
            "9": 9,
            "8": 8,
            "19": 3,
            "2": 8,
            "0": 2,
            "6": 7,
            "11": 4,
            "5": 6,
            "14": 4,
            "21": 4,
            "7": 5,
            "13": 1,
            "16": 3,
            "18": 6,
            "17": 8,
            "4": 1,
            "15": 1
        }
    }
}