{
    "ASR": 0.40963855421686746,
    "SAQ": 219.11764705882354,
    "TAQ": 473.3162090345438,
    "EVN": 13,
    "ER": 15.66265060240964,
    "count": 83,
    "sql": {
        "AF": {
            "6": 20,
            "4": 13,
            "2": 8,
            "10": 19,
            "1": 20,
            "7": 10,
            "5": 18,
            "0": 16,
            "9": 11,
            "8": 7,
            "3": 11,
            "11": 12,
            "15": 3
        }
    },
    "xss": {
        "AF": {
            "6": 1,
            "4": 2,
            "7": 3,
            "18": 4,
            "17": 1,
            "10": 1,
            "5": 1,
            "12": 3,
            "2": 3,
            "20": 1,
            "3": 3,
            "13": 2,
            "16": 3,
            "8": 1,
            "9": 1,
            "14": 1,
            "1": 1
        }
    }
}