{
    "ASR": 0.5047619047619047,
    "SAQ": 123.39622641509433,
    "TAQ": 466.7304407242911,
    "EVN": 9,
    "ER": 8.571428571428571,
    "count": 105,
    "sql": {
        "AF": {
            "1": 16,
            "4": 20,
            "3": 18,
            "9": 33,
            "6": 17,
            "11": 28,
            "10": 24,
            "2": 22,
            "5": 27,
            "7": 25,
            "8": 33,
            "0": 9,
            "15": 1
        }
    },
    "xss": {
        "AF": {
            "2": 5,
            "21": 3,
            "14": 2,
            "1": 3,
            "17": 2,
            "20": 2,
            "10": 3,
            "4": 3,
            "18": 3,
            "8": 1,
            "12": 2,
            "5": 1,
            "3": 1,
            "0": 1,
            "13": 1,
            "7": 1
        }
    }
}