{
    "ASR": 0.628099173553719,
    "SAQ": 146.18421052631578,
    "TAQ": 446.8062733915523,
    "EVN": 22,
    "ER": 18.181818181818183,
    "count": 121,
    "sql": {
        "AF": {
            "4": 23,
            "2": 34,
            "11": 36,
            "3": 51,
            "10": 28,
            "8": 40,
            "1": 28,
            "5": 35,
            "9": 38,
            "0": 44,
            "6": 32,
            "15": 3,
            "7": 27
        }
    },
    "xss": {
        "AF": {
            "20": 3,
            "4": 2,
            "18": 2,
            "0": 1,
            "8": 2,
            "21": 3,
            "12": 2,
            "1": 1,
            "14": 2,
            "5": 1,
            "17": 1,
            "2": 3,
            "16": 1,
            "6": 3,
            "19": 2,
            "7": 1,
            "13": 1
        }
    }
}