{
    "ASR": 0.6016260162601627,
    "SAQ": 116.62162162162163,
    "TAQ": 453.1181676210307,
    "EVN": 17,
    "ER": 13.821138211382115,
    "count": 123,
    "sql": {
        "AF": {
            "1": 29,
            "7": 29,
            "6": 26,
            "5": 32,
            "3": 36,
            "11": 30,
            "4": 28,
            "8": 35,
            "9": 29,
            "18": 1,
            "17": 1,
            "10": 25,
            "2": 27,
            "15": 1,
            "0": 25
        }
    },
    "xss": {
        "AF": {
            "10": 3,
            "6": 3,
            "21": 2,
            "13": 1,
            "12": 2,
            "17": 2,
            "3": 3,
            "2": 7,
            "20": 4,
            "9": 1,
            "4": 1,
            "18": 3,
            "1": 3,
            "5": 3,
            "14": 1,
            "11": 3,
            "8": 1,
            "19": 3,
            "7": 2,
            "16": 1,
            "0": 1
        }
    }
}