{
    "ASR": 0.5514018691588785,
    "SAQ": 165.25423728813558,
    "TAQ": 453.208658008658,
    "EVN": 24,
    "ER": 22.429906542056074,
    "count": 107,
    "sql": {
        "AF": {
            "3": 23,
            "2": 24,
            "10": 22,
            "11": 19,
            "9": 28,
            "6": 32,
            "5": 32,
            "1": 16,
            "4": 16,
            "7": 13,
            "8": 23,
            "0": 19,
            "15": 2
        }
    },
    "xss": {
        "AF": {
            "2": 8,
            "17": 5,
            "4": 2,
            "13": 2,
            "21": 3,
            "14": 5,
            "7": 2,
            "9": 6,
            "5": 2,
            "20": 1,
            "18": 2,
            "16": 5,
            "10": 4,
            "1": 2,
            "12": 4,
            "3": 2,
            "8": 2,
            "11": 1,
            "6": 1
        }
    }
}