{
    "ASR": 0.5185185185185185,
    "SAQ": 102.5,
    "TAQ": 466.7925181849671,
    "EVN": 14,
    "ER": 12.962962962962962,
    "count": 108,
    "sql": {
        "AF": {
            "3": 20,
            "4": 15,
            "9": 25,
            "6": 18,
            "8": 28,
            "11": 31,
            "1": 26,
            "0": 23,
            "7": 20,
            "2": 14,
            "5": 22,
            "16": 1,
            "10": 22,
            "13": 1
        }
    },
    "xss": {
        "AF": {
            "8": 3,
            "2": 7,
            "13": 5,
            "19": 3,
            "0": 1,
            "4": 4,
            "1": 3,
            "7": 5,
            "6": 3,
            "10": 7,
            "14": 1,
            "5": 1,
            "18": 2,
            "11": 2,
            "20": 1,
            "12": 2,
            "21": 1,
            "16": 2,
            "3": 1
        }
    }
}