{
    "ASR": 37.5,
    "SAQ": 13.631578947368421,
    "TAQ": 63.97894736842105,
    "EVN": 14,
    "ER": 9.210526315789473,
    "count": 152,
    "sql": {
        "AF": {
            "4": 40,
            "6": 40,
            "8": 50,
            "5": 53,
            "7": 54,
            "14": 39,
            "2": 60,
            "1": 34,
            "10": 46,
            "0": 49,
            "3": 47,
            "11": 52,
            "12": 44,
            "13": 47,
            "9": 35
        }
    },
    "xss": {
        "AF": {
            "4": 2,
            "12": 3,
            "22": 3,
            "0": 1,
            "15": 3,
            "2": 1,
            "3": 1,
            "21": 1,
            "8": 1,
            "9": 3,
            "11": 1,
            "1": 2,
            "5": 1,
            "23": 2,
            "19": 2,
            "18": 2,
            "6": 1
        }
    }
}