{
    "ASR": 22.22222222222222,
    "SAQ": 16.035714285714285,
    "TAQ": 65.93877551020408,
    "EVN": 6,
    "ER": 4.761904761904762,
    "count": 126,
    "sql": {
        "AF": {
            "6": 36,
            "14": 35,
            "9": 33,
            "13": 29,
            "11": 27,
            "2": 19,
            "3": 32,
            "8": 21,
            "5": 24,
            "7": 32,
            "12": 27,
            "0": 25,
            "4": 31,
            "10": 25,
            "1": 25
        }
    },
    "xss": {
        "AF": {}
    }
}