{
    "ASR": 29.838709677419356,
    "SAQ": 18.405405405405407,
    "TAQ": 68.37931034482759,
    "EVN": 15,
    "ER": 12.096774193548388,
    "count": 124,
    "sql": {
        "AF": {
            "8": 29,
            "4": 45,
            "2": 41,
            "9": 35,
            "12": 39,
            "0": 35,
            "3": 36,
            "10": 34,
            "1": 40,
            "6": 31,
            "11": 40,
            "14": 35,
            "13": 38,
            "5": 49,
            "7": 50
        }
    },
    "xss": {
        "AF": {
            "23": 4,
            "20": 3,
            "18": 3,
            "1": 5,
            "6": 3,
            "3": 2,
            "13": 4,
            "17": 2,
            "7": 5,
            "8": 4,
            "21": 2,
            "16": 4,
            "2": 1,
            "9": 3,
            "5": 3,
            "22": 2,
            "4": 1,
            "10": 2,
            "15": 1,
            "11": 4,
            "0": 2,
            "19": 4,
            "12": 2,
            "14": 1
        }
    }
}