{
    "ASR": 42.331288343558285,
    "SAQ": 16.0,
    "TAQ": 60.51063829787234,
    "EVN": 19,
    "ER": 11.65644171779141,
    "count": 163,
    "sql": {
        "AF": {
            "1": 62,
            "0": 86,
            "10": 75,
            "6": 74,
            "2": 72,
            "7": 69,
            "12": 73,
            "14": 57,
            "8": 69,
            "4": 62,
            "11": 61,
            "9": 65,
            "3": 74,
            "13": 63,
            "5": 72
        }
    },
    "xss": {
        "AF": {
            "15": 1
        }
    }
}