{
    "ASR": 34.751773049645394,
    "SAQ": 16.693877551020407,
    "TAQ": 65.47826086956522,
    "EVN": 13,
    "ER": 9.219858156028367,
    "count": 141,
    "sql": {
        "AF": {
            "8": 55,
            "3": 49,
            "10": 59,
            "9": 32,
            "14": 56,
            "13": 66,
            "6": 46,
            "0": 40,
            "5": 47,
            "7": 52,
            "11": 63,
            "4": 41,
            "12": 57,
            "1": 52,
            "2": 54
        }
    },
    "xss": {
        "AF": {}
    }
}