{
    "ASR": 37.68115942028986,
    "SAQ": 22.01923076923077,
    "TAQ": 65.97674418604652,
    "EVN": 18,
    "ER": 13.043478260869565,
    "count": 138,
    "sql": {
        "AF": {
            "9": 76,
            "4": 77,
            "11": 76,
            "3": 75,
            "7": 70,
            "12": 77,
            "0": 73,
            "5": 79,
            "10": 75,
            "13": 73,
            "8": 69,
            "1": 63,
            "6": 75,
            "14": 76,
            "2": 59
        }
    },
    "xss": {
        "AF": {}
    }
}