{
    "ASR": 31.851851851851855,
    "SAQ": 17.093023255813954,
    "TAQ": 66.53260869565217,
    "EVN": 12,
    "ER": 8.88888888888889,
    "count": 135,
    "sql": {
        "AF": {
            "14": 40,
            "13": 65,
            "1": 45,
            "12": 47,
            "3": 48,
            "2": 41,
            "11": 61,
            "5": 47,
            "8": 48,
            "9": 35,
            "4": 52,
            "7": 44,
            "10": 50,
            "0": 36,
            "6": 33
        }
    },
    "xss": {
        "AF": {}
    }
}