{
    "ASR": 41.21621621621622,
    "SAQ": 14.557377049180328,
    "TAQ": 67.85057471264368,
    "EVN": 16,
    "ER": 10.81081081081081,
    "count": 148,
    "sql": {
        "AF": {
            "3": 53,
            "1": 49,
            "7": 57,
            "6": 55,
            "11": 54,
            "5": 62,
            "2": 54,
            "12": 65,
            "9": 58,
            "0": 70,
            "13": 63,
            "10": 49,
            "4": 48,
            "14": 59,
            "8": 31
        }
    },
    "xss": {
        "AF": {}
    }
}