{
    "ASR": 30.597014925373134,
    "SAQ": 12.439024390243903,
    "TAQ": 67.95698924731182,
    "EVN": 11,
    "ER": 8.208955223880597,
    "count": 134,
    "sql": {
        "AF": {
            "9": 43,
            "10": 36,
            "5": 33,
            "6": 29,
            "13": 27,
            "1": 31,
            "11": 30,
            "2": 33,
            "14": 28,
            "8": 33,
            "12": 25,
            "7": 27,
            "0": 29,
            "3": 33,
            "4": 32
        }
    },
    "xss": {
        "AF": {}
    }
}