{
    "ASR": 38.46153846153847,
    "SAQ": 16.09090909090909,
    "TAQ": 67.80681818181819,
    "EVN": 11,
    "ER": 7.6923076923076925,
    "count": 143,
    "sql": {
        "AF": {
            "14": 57,
            "3": 62,
            "12": 58,
            "6": 74,
            "7": 56,
            "9": 41,
            "1": 59,
            "4": 56,
            "10": 49,
            "5": 50,
            "0": 57,
            "13": 41,
            "11": 56,
            "8": 63,
            "2": 48
        }
    },
    "xss": {
        "AF": {
            "15": 1,
            "0": 1,
            "18": 1
        }
    }
}