{
    "ASR": 0.46938775510204084,
    "SAQ": 144.34782608695653,
    "TAQ": 461.63881309686224,
    "EVN": 26,
    "ER": 26.53061224489796,
    "count": 98,
    "sql": {
        "AF": {
            "10": 20,
            "8": 25,
            "5": 29,
            "2": 21,
            "0": 29,
            "7": 23,
            "11": 31,
            "3": 27,
            "4": 20,
            "1": 25,
            "9": 25,
            "6": 21
        }
    },
    "xss": {
        "AF": {}
    }
}