{
    "ASR": 0.37362637362637363,
    "SAQ": 102.05882352941177,
    "TAQ": 475.50190176947245,
    "EVN": 14,
    "ER": 15.384615384615385,
    "count": 91,
    "sql": {
        "AF": {
            "10": 15,
            "9": 14,
            "6": 14,
            "5": 25,
            "7": 11,
            "3": 21,
            "8": 20,
            "11": 18,
            "0": 19,
            "1": 15,
            "2": 10,
            "4": 16
        }
    },
    "xss": {
        "AF": {}
    }
}