{
    "ASR": 0.40425531914893614,
    "SAQ": 121.57894736842105,
    "TAQ": 474.79544704717915,
    "EVN": 22,
    "ER": 23.404255319148938,
    "count": 94,
    "sql": {
        "AF": {
            "9": 22,
            "10": 21,
            "4": 14,
            "1": 9,
            "3": 29,
            "0": 19,
            "5": 22,
            "6": 16,
            "2": 15,
            "11": 25,
            "8": 17,
            "7": 22
        }
    },
    "xss": {
        "AF": {}
    }
}