{
    "ASR": 0.42105263157894735,
    "SAQ": 121.25,
    "TAQ": 470.54803675856306,
    "EVN": 26,
    "ER": 27.368421052631582,
    "count": 95,
    "sql": {
        "AF": {
            "3": 22,
            "0": 30,
            "8": 24,
            "2": 20,
            "9": 26,
            "4": 11,
            "6": 13,
            "10": 13,
            "5": 18,
            "11": 24,
            "7": 10,
            "1": 3
        }
    },
    "xss": {
        "AF": {}
    }
}