{
    "ASR": 0.4479166666666667,
    "SAQ": 146.74418604651163,
    "TAQ": 466.398583712696,
    "EVN": 18,
    "ER": 18.75,
    "count": 96,
    "sql": {
        "AF": {
            "10": 19,
            "8": 21,
            "5": 29,
            "1": 16,
            "3": 29,
            "4": 18,
            "6": 22,
            "9": 29,
            "7": 22,
            "2": 16,
            "11": 21,
            "0": 14
        }
    },
    "xss": {
        "AF": {}
    }
}