{
    "ASR": 0.4752475247524752,
    "SAQ": 142.91666666666666,
    "TAQ": 461.88105579685936,
    "EVN": 25,
    "ER": 24.752475247524753,
    "count": 101,
    "sql": {
        "AF": {
            "9": 39,
            "3": 27,
            "5": 36,
            "4": 20,
            "11": 25,
            "10": 14,
            "6": 21,
            "0": 30,
            "8": 28,
            "2": 21,
            "7": 19,
            "1": 23
        }
    },
    "xss": {
        "AF": {
            "9": 1
        }
    }
}