{
    "ASR": 0.39361702127659576,
    "SAQ": 116.75675675675676,
    "TAQ": 474.2009132420091,
    "EVN": 19,
    "ER": 20.212765957446805,
    "count": 94,
    "sql": {
        "AF": {
            "8": 20,
            "3": 20,
            "1": 11,
            "5": 23,
            "11": 25,
            "10": 17,
            "4": 26,
            "9": 19,
            "0": 14,
            "6": 12,
            "2": 20,
            "7": 14
        }
    },
    "xss": {
        "AF": {}
    }
}