{
    "ASR": 0.3956043956043956,
    "SAQ": 144.44444444444446,
    "TAQ": 468.1312292358804,
    "EVN": 22,
    "ER": 24.175824175824175,
    "count": 91,
    "sql": {
        "AF": {
            "3": 20,
            "2": 21,
            "9": 19,
            "10": 16,
            "7": 17,
            "4": 16,
            "11": 25,
            "0": 12,
            "8": 21,
            "5": 18,
            "6": 23,
            "1": 13,
            "13": 1,
            "15": 1,
            "12": 1,
            "17": 1
        }
    },
    "xss": {
        "AF": {}
    }
}