{
    "ASR": 0.3411764705882353,
    "SAQ": 142.06896551724137,
    "TAQ": 472.7212242182302,
    "EVN": 15,
    "ER": 17.647058823529413,
    "count": 85,
    "sql": {
        "AF": {
            "4": 13,
            "7": 21,
            "3": 17,
            "5": 18,
            "10": 8,
            "8": 10,
            "9": 12,
            "2": 15,
            "6": 13,
            "11": 24,
            "0": 21,
            "1": 12
        }
    },
    "xss": {
        "AF": {}
    }
}