{
    "ASR": 0.4105263157894737,
    "SAQ": 94.87179487179488,
    "TAQ": 474.65829145728645,
    "EVN": 22,
    "ER": 23.157894736842106,
    "count": 95,
    "sql": {
        "AF": {
            "3": 25,
            "7": 17,
            "8": 22,
            "6": 18,
            "5": 21,
            "9": 18,
            "1": 18,
            "11": 20,
            "2": 11,
            "0": 19,
            "10": 11,
            "4": 17
        }
    },
    "xss": {
        "AF": {
            "13": 1
        }
    }
}