{
    "ASR": 76.16892911010558,
    "SAQ": 7.863366336633663,
    "TAQ": 36.35443037974684,
    "EVN": 199,
    "ER": 30.015082956259427,
    "count": 663,
    "sql": {
        "AF": {
            "1": 546,
            "4": 511,
            "3": 326,
            "7": 44,
            "10": 478,
            "2": 576,
            "12": 219,
            "9": 95,
            "6": 237,
            "5": 162,
            "11": 76,
            "8": 20
        }
    },
    "xss": {
        "AF": {
            "8": 23,
            "12": 8,
            "14": 6,
            "3": 42,
            "21": 5,
            "13": 16,
            "6": 34,
            "4": 8,
            "18": 17,
            "19": 4,
            "2": 1,
            "16": 1,
            "17": 3,
            "1": 8
        }
    }
}