{
    "ASR": 75.53571428571428,
    "SAQ": 8.99290780141844,
    "TAQ": 39.23357664233577,
    "EVN": 192,
    "ER": 34.285714285714285,
    "count": 560,
    "sql": {
        "AF": {
            "2": 590,
            "12": 186,
            "9": 81,
            "4": 438,
            "10": 447,
            "1": 494,
            "3": 411,
            "5": 260,
            "6": 205,
            "7": 51,
            "11": 42,
            "8": 18
        }
    },
    "xss": {
        "AF": {
            "6": 32,
            "3": 38,
            "18": 7,
            "4": 11,
            "13": 11,
            "19": 5,
            "21": 2,
            "14": 4,
            "8": 31,
            "12": 11,
            "2": 1,
            "16": 1,
            "17": 3,
            "1": 1
        }
    }
}