{
    "ASR": 76.86703096539162,
    "SAQ": 9.061611374407583,
    "TAQ": 41.976377952755904,
    "EVN": 189,
    "ER": 34.42622950819672,
    "count": 549,
    "sql": {
        "AF": {
            "2": 567,
            "12": 209,
            "10": 424,
            "3": 373,
            "4": 427,
            "9": 92,
            "1": 540,
            "6": 220,
            "8": 31,
            "7": 41,
            "11": 51,
            "5": 264
        }
    },
    "xss": {
        "AF": {
            "8": 24,
            "12": 10,
            "3": 32,
            "13": 17,
            "6": 35,
            "21": 3,
            "4": 9,
            "19": 6,
            "18": 11,
            "2": 1,
            "14": 5,
            "16": 1,
            "17": 1,
            "15": 1,
            "1": 7
        }
    }
}