{
    "ASR": 73.64864864864865,
    "SAQ": 8.437308868501528,
    "TAQ": 41.63247863247863,
    "EVN": 134,
    "ER": 30.180180180180184,
    "count": 444,
    "sql": {
        "AF": {
            "10": 301,
            "12": 144,
            "4": 286,
            "6": 161,
            "1": 357,
            "2": 462,
            "9": 68,
            "7": 38,
            "3": 322,
            "5": 131,
            "11": 52,
            "8": 5
        }
    },
    "xss": {
        "AF": {
            "6": 21,
            "3": 29,
            "13": 12,
            "8": 9,
            "18": 5,
            "21": 2,
            "2": 2,
            "19": 7,
            "4": 6,
            "1": 5,
            "12": 4,
            "14": 2,
            "9": 1
        }
    }
}