{
    "ASR": 74.83108108108108,
    "SAQ": 8.094808126410836,
    "TAQ": 39.95302013422819,
    "EVN": 199,
    "ER": 33.61486486486486,
    "count": 592,
    "sql": {
        "AF": {
            "2": 537,
            "12": 183,
            "1": 505,
            "4": 384,
            "3": 463,
            "9": 64,
            "7": 36,
            "5": 197,
            "8": 14,
            "11": 46,
            "6": 208,
            "10": 364
        }
    },
    "xss": {
        "AF": {
            "6": 39,
            "8": 15,
            "19": 10,
            "18": 13,
            "12": 9,
            "15": 1,
            "3": 31,
            "4": 4,
            "13": 8,
            "17": 2,
            "1": 3,
            "21": 4,
            "14": 1,
            "2": 1,
            "10": 1
        }
    }
}