{
    "ASR": 75.96491228070175,
    "SAQ": 8.496535796766743,
    "TAQ": 43.29197080291971,
    "EVN": 202,
    "ER": 35.43859649122807,
    "count": 570,
    "sql": {
        "AF": {
            "12": 167,
            "11": 50,
            "9": 80,
            "4": 438,
            "2": 574,
            "10": 397,
            "1": 478,
            "6": 186,
            "3": 410,
            "5": 202,
            "7": 54,
            "8": 18
        }
    },
    "xss": {
        "AF": {
            "8": 33,
            "12": 14,
            "19": 9,
            "1": 22,
            "4": 11,
            "6": 35,
            "14": 8,
            "3": 33,
            "13": 7,
            "18": 11,
            "21": 3,
            "17": 3,
            "2": 1,
            "16": 1,
            "10": 1
        }
    }
}