{
    "ASR": 74.43082311733801,
    "SAQ": 8.136470588235294,
    "TAQ": 41.26712328767123,
    "EVN": 188,
    "ER": 32.9246935201401,
    "count": 571,
    "sql": {
        "AF": {
            "2": 585,
            "11": 59,
            "4": 338,
            "10": 436,
            "5": 154,
            "3": 279,
            "12": 161,
            "6": 228,
            "1": 483,
            "8": 19,
            "7": 51,
            "9": 74
        }
    },
    "xss": {
        "AF": {
            "3": 36,
            "13": 15,
            "6": 36,
            "21": 5,
            "8": 25,
            "14": 6,
            "1": 10,
            "18": 3,
            "17": 1,
            "12": 13,
            "19": 7,
            "4": 7,
            "2": 2
        }
    }
}