{
    "ASR": 76.24223602484473,
    "SAQ": 8.022403258655805,
    "TAQ": 36.45751633986928,
    "EVN": 221,
    "ER": 34.316770186335404,
    "count": 644,
    "sql": {
        "AF": {
            "2": 588,
            "11": 70,
            "3": 418,
            "5": 188,
            "10": 423,
            "9": 93,
            "6": 265,
            "4": 409,
            "12": 211,
            "1": 546,
            "7": 42,
            "8": 21
        }
    },
    "xss": {
        "AF": {
            "6": 40,
            "3": 34,
            "4": 16,
            "13": 13,
            "8": 24,
            "12": 14,
            "1": 2,
            "14": 8,
            "18": 11,
            "19": 8,
            "2": 3,
            "21": 1
        }
    }
}