{
    "ASR": 75.87301587301587,
    "SAQ": 7.47907949790795,
    "TAQ": 39.25,
    "EVN": 219,
    "ER": 34.76190476190476,
    "count": 630,
    "sql": {
        "AF": {
            "2": 490,
            "10": 381,
            "12": 222,
            "1": 540,
            "6": 168,
            "9": 78,
            "3": 314,
            "4": 405,
            "11": 69,
            "8": 15,
            "7": 38,
            "5": 176
        }
    },
    "xss": {
        "AF": {
            "6": 49,
            "3": 40,
            "13": 9,
            "4": 14,
            "14": 5,
            "8": 21,
            "9": 1,
            "21": 8,
            "10": 2,
            "19": 5,
            "2": 2,
            "12": 13,
            "16": 1,
            "17": 3,
            "18": 19,
            "1": 9
        }
    }
}