{
    "ASR": 76.74418604651163,
    "SAQ": 7.488888888888889,
    "TAQ": 38.29333333333334,
    "EVN": 216,
    "ER": 33.48837209302326,
    "count": 645,
    "sql": {
        "AF": {
            "2": 486,
            "4": 424,
            "3": 414,
            "10": 403,
            "6": 210,
            "7": 49,
            "1": 430,
            "12": 218,
            "9": 82,
            "5": 219,
            "11": 71,
            "8": 22
        }
    },
    "xss": {
        "AF": {
            "3": 41,
            "21": 8,
            "18": 8,
            "8": 22,
            "2": 3,
            "1": 21,
            "19": 9,
            "6": 36,
            "12": 7,
            "13": 16,
            "14": 2,
            "4": 10,
            "10": 1
        }
    }
}