{
    "ASR": 50.800915331807786,
    "SAQ": 7.675675675675675,
    "TAQ": 25.90232558139535,
    "EVN": 127,
    "ER": 29.061784897025174,
    "count": 437,
    "sql": {
        "AF": {
            "1": 282,
            "12": 143,
            "4": 154,
            "10": 245,
            "7": 53,
            "2": 307,
            "9": 63,
            "8": 15,
            "3": 45,
            "6": 90,
            "5": 71
        }
    }
}