{
    "ASR": 54.14012738853503,
    "SAQ": 7.686274509803922,
    "TAQ": 24.944444444444443,
    "EVN": 166,
    "ER": 35.24416135881104,
    "count": 471,
    "sql": {
        "AF": {
            "12": 191,
            "7": 81,
            "10": 299,
            "2": 245,
            "9": 47,
            "4": 193,
            "1": 371,
            "6": 91,
            "3": 116,
            "5": 23,
            "8": 17,
            "11": 7
        }
    }
}