{
    "ASR": 55.04587155963303,
    "SAQ": 9.695833333333333,
    "TAQ": 24.770408163265305,
    "EVN": 161,
    "ER": 36.92660550458716,
    "count": 436,
    "sql": {
        "AF": {
            "12": 187,
            "1": 473,
            "8": 40,
            "10": 344,
            "2": 405,
            "9": 79,
            "6": 131,
            "4": 203,
            "7": 76,
            "3": 62,
            "5": 63,
            "11": 3
        }
    }
}