{
    "ASR": 55.793991416309005,
    "SAQ": 8.688461538461539,
    "TAQ": 23.233009708737864,
    "EVN": 156,
    "ER": 33.47639484978541,
    "count":466,
    "sql": {
        "AF": {
            "10": 309,
            "1": 423,
            "2": 451,
            "12": 164,
            "6": 123,
            "4": 236,
            "9": 52,
            "7": 76,
            "3": 71,
            "5": 58,
            "8": 19,
            "11": 5
        }
    },
    "xss": {
        "AF": {
            "10": 1,
            "15": 3,
            "18": 4,
            "2": 1,
            "13": 1,
            "6": 1,
            "17": 1
        }
    }
}