{
    "ASR": 54.14847161572053,
    "SAQ": 8.044354838709678,
    "TAQ": 24.919047619047618,
    "EVN": 149,
    "ER": 32.532751091703055,
    "count":458,
    "sql": {
        "AF": {
            "10": 316,
            "6": 128,
            "1": 379,
            "2": 339,
            "12": 153,
            "7": 54,
            "9": 63,
            "4": 178,
            "3": 56,
            "5": 42,
            "8": 22,
            "11": 2
        }
    },
    "xss": {
        "AF": {
            "18": 7,
            "15": 3,
            "17": 3,
            "8": 1,
            "14": 1
        }
    }
}