{
    "ASR": 53.41880341880342,
    "SAQ": 7.908,
    "TAQ": 24.23394495412844,
    "EVN": 147,
    "ER": 31.41025641025641,
    "count": 468,
    "sql": {
        "AF": {
            "10": 295,
            "6": 107,
            "7": 53,
            "1": 360,
            "2": 354,
            "4": 191,
            "3": 82,
            "12": 145,
            "9": 52,
            "11": 4,
            "5": 53,
            "8": 13
        }
    }
}