{
    "ASR": 55.40838852097131,
    "SAQ": 7.876494023904383,
    "TAQ": 24.623762376237625,
    "EVN": 137,
    "ER": 30.242825607064017,
    "count":453,
    "sql": {
        "AF": {
            "12": 150,
            "10": 263,
            "2": 349,
            "3": 78,
            "5": 40,
            "4": 180,
            "1": 403,
            "7": 65,
            "8": 22,
            "9": 48,
            "6": 109,
            "11": 1
        }
    },
    "xss": {
        "AF": {
            "6": 8,
            "18": 6,
            "4": 1,
            "8": 1,
            "14": 1,
            "15": 1
        }
    }
}