{
    "ASR": 55.62632696390658,
    "SAQ": 8.16030534351145,
    "TAQ": 24.05263157894737,
    "EVN": 161,
    "ER": 34.182590233545646,
    "count": 471,
    "sql": {
        "AF": {
            "1": 400,
            "12": 166,
            "10": 326,
            "8": 26,
            "7": 65,
            "4": 178,
            "5": 80,
            "3": 63,
            "6": 121,
            "9": 57,
            "2": 355,
            "11": 5
        }
    }
}