{
    "ASR": 54.32692307692307,
    "SAQ": 9.20353982300885,
    "TAQ": 26.96842105263158,
    "EVN": 158,
    "ER": 37.980769230769226,
    "count": 416,
    "sql": {
        "AF": {
            "2": 348,
            "12": 142,
            "7": 66,
            "10": 285,
            "1": 387,
            "9": 56,
            "4": 220,
            "3": 83,
            "6": 133,
            "8": 11,
            "5": 103,
            "11": 3
        }
    }
}