{
    "ASR": 53.379953379953385,
    "SAQ": 8.786026200873362,
    "TAQ": 25.995,
    "EVN": 142,
    "ER": 33.1002331002331,
    "count": 429,
    "sql": {
        "AF": {
            "10": 277,
            "3": 49,
            "1": 390,
            "7": 64,
            "6": 120,
            "2": 355,
            "4": 188,
            "8": 21,
            "9": 61,
            "12": 151,
            "5": 91,
            "11": 1
        }
    }
}