{
    "sql": {
        "ASR": 0.02755620014503263,
        "SAQ": 4.2894736842105265,
        "TAQ": 97.36066763425254,
        "EVN": 0,
        "ER": 0.0,
        "AF": {
            "1": 3,
            "11": 41,
            "8": 17,
            "9": 48,
            "6": 5,
            "2": 2,
            "4": 1,
            "5": 4,
            "3": 40,
            "0": 1,
            "7": 1
        },
        "Count": 1379
    },
    "xss": {
        "ASR": 0.5,
        "SAQ": 14.0,
        "TAQ": 54.95238095238095,
        "EVN": 11,
        "ER": 0.4782608695652174,
        "AF": {
            "14": 1,
            "10": 12,
            "19": 1,
            "17": 93,
            "2": 6,
            "3": 2,
            "9": 20,
            "12": 1,
            "5": 1,
            "8": 3,
            "7": 11,
            "11": 1,
            "1": 1,
            "4": 1
        },
        "Count": 22
    },
    "ASR": 0.03497501784439686,
    "SAQ": 6.469387755102041,
    "TAQ": 96.7240886347391,
    "EVN": 11,
    "ER": 0.020676691729323307,
    "count": 1401
}