{
    "sql": {
        "ASR": 0.07939632545931759,
        "SAQ": 20.297520661157026,
        "TAQ": 93.6677609980302,
        "EVN": 65,
        "ER": 0.12172284644194757,
        "AF": {
            "1": 1,
            "10": 2,
            "7": 12,
            "8": 2,
            "3": 3,
            "4": 20,
            "9": 43,
            "5": 1,
            "0": 2371,
            "11": 1
        },
        "Count": 1524
    },
    "xss": {
        "ASR": 0.16666666666666666,
        "SAQ": 18.0,
        "TAQ": 85.86206896551724,
        "EVN": 5,
        "ER": 0.15625,
        "AF": {
            "3": 16,
            "8": 6,
            "5": 62,
            "0": 1,
            "4": 1,
            "17": 2,
            "9": 1,
            "11": 1
        },
        "Count": 30
    },
    "ASR": 0.08108108108108109,
    "SAQ": 20.206349206349206,
    "TAQ": 93.52190721649484,
    "EVN": 70,
    "ER": 0.12367491166077739,
    "count": 1554
}