{
    "sql": {
        "ASR": 0.10657734470158343,
        "SAQ": 15.457142857142857,
        "TAQ": 90.98415600243754,
        "EVN": 58,
        "ER": 0.09586776859504133,
        "AF": {
            "9": 437,
            "10": 52,
            "0": 2203,
            "8": 1,
            "7": 4,
            "11": 2,
            "5": 6
        },
        "Count": 1642
    },
    "xss": {
        "ASR": 0.32,
        "SAQ": 12.625,
        "TAQ": 70.875,
        "EVN": 8,
        "ER": 0.2962962962962963,
        "AF": {
            "2": 1,
            "6": 2,
            "1": 3,
            "10": 2,
            "16": 1,
            "9": 1,
            "17": 1,
            "0": 10,
            "13": 77,
            "19": 1,
            "11": 2
        },
        "Count": 25
    },
    "ASR": 0.10977804439112178,
    "SAQ": 15.333333333333334,
    "TAQ": 90.6942942942943,
    "EVN": 66,
    "ER": 0.10443037974683544,
    "count": 1667
}