{
    "sql": {
        "ASR": 0.07923832923832924,
        "SAQ": 17.62015503875969,
        "TAQ": 93.46834665027659,
        "EVN": 42,
        "ER": 0.07806691449814127,
        "AF": {
            "5": 111,
            "10": 5,
            "9": 24,
            "2": 3,
            "3": 18,
            "8": 2,
            "6": 1,
            "7": 6,
            "4": 1,
            "0": 2102
        },
        "Count": 1628
    },
    "xss": {
        "ASR": 0.65625,
        "SAQ": 14.523809523809524,
        "TAQ": 42.096774193548384,
        "EVN": 21,
        "ER": 0.6363636363636364,
        "AF": {
            "18": 3,
            "17": 272,
            "12": 9,
            "0": 1,
            "8": 3,
            "3": 2,
            "14": 4,
            "10": 1,
            "16": 2,
            "11": 2,
            "13": 3,
            "7": 2,
            "4": 1
        },
        "Count": 32
    },
    "ASR": 0.09036144578313253,
    "SAQ": 17.186666666666667,
    "TAQ": 92.50784077201448,
    "EVN": 63,
    "ER": 0.11033274956217162,
    "count": 1660
}