{
    "sql": {
        "ASR": 0.12898845892735913,
        "SAQ": 19.589473684210525,
        "TAQ": 89.62092391304348,
        "EVN": 72,
        "ER": 0.1301989150090416,
        "AF": {
            "3": 151,
            "2": 27,
            "0": 3302,
            "9": 6,
            "5": 115,
            "4": 5,
            "8": 48,
            "1": 13,
            "7": 29,
            "10": 26
        },
        "Count": 1473
    },
    "xss": {
        "ASR": 0.0,
        "SAQ": 0.0,
        "TAQ": 100.0,
        "EVN": 0,
        "ER": 0.0,
        "AF": {},
        "Count": 25
    },
    "ASR": 0.1268357810413885,
    "SAQ": 19.589473684210525,
    "TAQ": 89.78743315508021,
    "EVN": 72,
    "ER": 0.12371134020618557,
    "count": 1498
}