{
    "sql": {
        "ASR": 0.09426751592356689,
        "SAQ": 23.22972972972973,
        "TAQ": 92.75844486934353,
        "EVN": 80,
        "ER": 0.132013201320132,
        "AF": {
            "0": 3018,
            "11": 3,
            "5": 2,
            "9": 277,
            "4": 1,
            "10": 12,
            "1": 1,
            "7": 5,
            "3": 1,
            "6": 118
        },
        "Count": 1570
    },
    "xss": {
        "ASR": 0.06896551724137931,
        "SAQ": 37.5,
        "TAQ": 95.53571428571429,
        "EVN": 2,
        "ER": 0.058823529411764705,
        "AF": {
            "5": 1,
            "15": 12,
            "13": 27,
            "4": 4,
            "0": 28,
            "9": 1,
            "7": 1,
            "17": 1
        },
        "Count": 29
    },
    "ASR": 0.09380863039399624,
    "SAQ": 23.42,
    "TAQ": 92.80713838447089,
    "EVN": 82,
    "ER": 0.128125,
    "count": 1599
}