{
    "sql": {
        "ASR": 0.0865979381443299,
        "SAQ": 24.373015873015873,
        "TAQ": 93.44635488308116,
        "EVN": 61,
        "ER": 0.125,
        "AF": {
            "4": 2,
            "8": 11,
            "11": 136,
            "0": 2619,
            "5": 4,
            "2": 1,
            "9": 205,
            "3": 4,
            "6": 74,
            "10": 1,
            "7": 14
        },
        "Count": 1455
    },
    "xss": {
        "ASR": 0.03571428571428571,
        "SAQ": 75.0,
        "TAQ": 99.07407407407408,
        "EVN": 1,
        "ER": 0.03225806451612903,
        "AF": {
            "2": 1,
            "18": 1,
            "10": 45,
            "5": 28
        },
        "Count": 28
    },
    "ASR": 0.0856372218476062,
    "SAQ": 24.771653543307085,
    "TAQ": 93.5489534098582,
    "EVN": 62,
    "ER": 0.11946050096339114,
    "count": 1483
}