{
    "sql": {
        "ASR": 0.1301460823373174,
        "SAQ": 23.836734693877553,
        "TAQ": 90.08106312292358,
        "EVN": 107,
        "ER": 0.18971631205673758,
        "AF": {
            "10": 80,
            "3": 5,
            "9": 1468,
            "8": 137,
            "6": 3,
            "5": 5,
            "1": 3,
            "2": 2,
            "7": 3,
            "0": 2740,
            "11": 225,
            "4": 1
        },
        "Count": 1506
    },
    "xss": {
        "ASR": 0.0,
        "SAQ": 0.0,
        "TAQ": 100.0,
        "EVN": 1,
        "ER": 0.034482758620689655,
        "AF": {},
        "Count": 28
    },
    "ASR": 0.12777053455019557,
    "SAQ": 23.836734693877553,
    "TAQ": 90.25587467362924,
    "EVN": 108,
    "ER": 0.1821247892074199,
    "count": 1534
}