{
    "sql": {
        "ASR": 0.10792682926829268,
        "SAQ": 18.949152542372882,
        "TAQ": 91.2471018913972,
        "EVN": 73,
        "ER": 0.12310286677908938,
        "AF": {
            "3": 168,
            "11": 11,
            "0": 2963,
            "6": 12,
            "9": 15,
            "7": 161,
            "4": 19,
            "10": 5
        },
        "Count": 1640
    },
    "xss": {
        "ASR": 0.24,
        "SAQ": 18.0,
        "TAQ": 79.5,
        "EVN": 6,
        "ER": 0.21428571428571427,
        "AF": {
            "0": 4,
            "4": 1,
            "13": 1,
            "8": 2,
            "5": 89,
            "7": 1,
            "20": 1,
            "19": 2,
            "3": 1,
            "6": 3,
            "1": 1,
            "16": 1,
            "14": 1
        },
        "Count": 25
    },
    "ASR": 0.10990990990990991,
    "SAQ": 18.918032786885245,
    "TAQ": 91.07757065544197,
    "EVN": 79,
    "ER": 0.12721417069243157,
    "count": 1665
}