{
    "sql": {
        "ASR": 0.11675933280381255,
        "SAQ": 36.19047619047619,
        "TAQ": 92.54372019077901,
        "EVN": 54,
        "ER": 0.12558139534883722,
        "AF": {
            "11": 2,
            "10": 125,
            "0": 4655,
            "9": 298,
            "1": 2,
            "5": 4,
            "6": 14,
            "2": 4,
            "3": 152,
            "4": 14,
            "8": 50
        },
        "Count": 1259
    },
    "xss": {
        "ASR": 0.4549019607843137,
        "SAQ": 21.129310344827587,
        "TAQ": 64.05108055009823,
        "EVN": 133,
        "ER": 0.4104938271604938,
        "AF": {
            "13": 1404,
            "2": 44,
            "14": 15,
            "9": 1440,
            "4": 7,
            "17": 773,
            "20": 193,
            "0": 82,
            "19": 145,
            "3": 6,
            "1": 2,
            "18": 419,
            "12": 19,
            "7": 19,
            "6": 2,
            "16": 193,
            "11": 65,
            "10": 49,
            "5": 4,
            "8": 19,
            "15": 2
        },
        "Count": 510
    },
    "ASR": 0.21424533634821932,
    "SAQ": 26.970976253298154,
    "TAQ": 84.33616298811545,
    "EVN": 187,
    "ER": 0.2480106100795756,
    "count": 1769
}