{
    "sql": {
        "ASR": 0.04579517069109076,
        "SAQ": 41.56363636363636,
        "TAQ": 97.32166666666667,
        "EVN": 18,
        "ER": 0.0400890868596882,
        "AF": {
            "5": 4,
            "9": 751,
            "4": 35,
            "11": 3,
            "0": 1471,
            "7": 3,
            "8": 1,
            "3": 3,
            "10": 12,
            "1": 2,
            "6": 1
        },
        "Count": 1201
    },
    "xss": {
        "ASR": 0.7576923076923077,
        "SAQ": 21.17005076142132,
        "TAQ": 40.15606936416185,
        "EVN": 212,
        "ER": 0.6816720257234726,
        "AF": {
            "14": 11,
            "8": 31,
            "17": 96,
            "1": 8,
            "4": 21,
            "0": 13,
            "19": 6,
            "11": 29,
            "20": 198,
            "6": 14,
            "2": 6,
            "13": 3227,
            "18": 468,
            "9": 573,
            "12": 73,
            "16": 31,
            "7": 22,
            "5": 3289,
            "10": 41,
            "3": 184
        },
        "Count": 520
    },
    "ASR": 0.2608948285880302,
    "SAQ": 23.66815144766147,
    "TAQ": 80.06224549156487,
    "EVN": 230,
    "ER": 0.3026315789473684,
    "count": 1721
}