{
    "sql": {
        "ASR": 0.04995693367786391,
        "SAQ": 22.06896551724138,
        "TAQ": 96.10344827586206,
        "EVN": 9,
        "ER": 0.023255813953488372,
        "AF": {
            "0": 8,
            "1": 2,
            "2": 23,
            "4": 63,
            "10": 387,
            "9": 622,
            "11": 101,
            "5": 1,
            "7": 20,
            "3": 1,
            "8": 48,
            "6": 4
        },
        "Count": 1161
    },
    "xss": {
        "ASR": 0.5333333333333333,
        "SAQ": 22.112903225806452,
        "TAQ": 58.37068965517241,
        "EVN": 131,
        "ER": 0.4532871972318339,
        "AF": {
            "14": 5,
            "17": 828,
            "3": 7,
            "13": 4375,
            "19": 13,
            "7": 9,
            "20": 128,
            "15": 3,
            "10": 13,
            "11": 5,
            "16": 16,
            "0": 4,
            "12": 16,
            "2": 8,
            "5": 6,
            "1": 4,
            "18": 12,
            "9": 10,
            "4": 9,
            "6": 9,
            "8": 4
        },
        "Count": 465
    },
    "ASR": 0.1881918819188192,
    "SAQ": 22.104575163398692,
    "TAQ": 85.32266009852216,
    "EVN": 140,
    "ER": 0.20710059171597633,
    "count": 1626
}