{
    "sql": {
        "ASR": 0.2706919945725916,
        "SAQ": 43.99248120300752,
        "TAQ": 84.82892057026477,
        "EVN": 124,
        "ER": 0.24849699398797595,
        "AF": {
            "0": 915,
            "10": 299,
            "3": 8,
            "5": 11,
            "2": 1,
            "9": 16317,
            "6": 1,
            "4": 1
        },
        "Count": 1474
    },
    "xss": {
        "ASR": 0.8324786324786325,
        "SAQ": 21.071868583162217,
        "TAQ": 34.18150684931507,
        "EVN": 267,
        "ER": 0.7650429799426934,
        "AF": {
            "5": 8860,
            "7": 49,
            "13": 277,
            "8": 15,
            "17": 332,
            "2": 17,
            "10": 18,
            "3": 9,
            "20": 183,
            "16": 109,
            "0": 30,
            "4": 16,
            "14": 30,
            "1": 8,
            "18": 148,
            "6": 15,
            "15": 4,
            "9": 20,
            "19": 49,
            "11": 10,
            "12": 63
        },
        "Count": 585
    },
    "ASR": 0.4303059737736765,
    "SAQ": 31.39390519187359,
    "TAQ": 70.44968400583375,
    "EVN": 391,
    "ER": 0.46108490566037735,
    "count": 2059
}