{
    "sql": {
        "ASR": 0.1732283464566929,
        "SAQ": 42.71363636363636,
        "TAQ": 90.06855791962175,
        "EVN": 65,
        "ER": 0.14285714285714285,
        "AF": {
            "2": 2,
            "10": 682,
            "9": 8511,
            "7": 103,
            "1": 6,
            "11": 9,
            "5": 56,
            "8": 17,
            "4": 4,
            "6": 5,
            "0": 1,
            "3": 1
        },
        "Count": 1270
    },
    "xss": {
        "ASR": 0.6713709677419355,
        "SAQ": 18.42942942942943,
        "TAQ": 45.12525252525253,
        "EVN": 192,
        "ER": 0.631578947368421,
        "AF": {
            "2": 113,
            "4": 9,
            "11": 18,
            "9": 27,
            "1": 13,
            "5": 789,
            "12": 8,
            "7": 14,
            "17": 1574,
            "20": 475,
            "10": 26,
            "13": 311,
            "14": 38,
            "6": 10,
            "18": 2576,
            "3": 8,
            "8": 14,
            "16": 49,
            "0": 9,
            "19": 53,
            "15": 3
        },
        "Count": 496
    },
    "ASR": 0.3131370328425821,
    "SAQ": 28.090415913200722,
    "TAQ": 77.45691609977324,
    "EVN": 257,
    "ER": 0.3386034255599473,
    "count": 1766
}