{
    "sql": {
        "ASR": 0.02276064610866373,
        "SAQ": 23.193548387096776,
        "TAQ": 98.2505510653931,
        "EVN": 5,
        "ER": 0.010917030567685589,
        "AF": {
            "0": 3,
            "8": 5,
            "11": 12,
            "6": 6,
            "9": 256,
            "7": 7,
            "2": 1,
            "3": 2,
            "10": 414,
            "1": 1,
            "5": 5,
            "4": 7
        },
        "Count": 1362
    },
    "xss": {
        "ASR": 0.8860759493670886,
        "SAQ": 19.781632653061223,
        "TAQ": 28.791666666666668,
        "EVN": 263,
        "ER": 0.8042813455657493,
        "AF": {
            "7": 15,
            "3": 5,
            "20": 94,
            "0": 50,
            "2": 4,
            "11": 2,
            "4": 1,
            "12": 8,
            "8": 21,
            "5": 9357,
            "6": 2,
            "16": 13,
            "10": 26,
            "13": 44,
            "17": 23,
            "19": 2,
            "9": 8,
            "14": 10,
            "15": 3,
            "18": 4,
            "1": 1
        },
        "Count": 553
    },
    "ASR": 0.2720626631853786,
    "SAQ": 19.98464491362764,
    "TAQ": 78.2080501829587,
    "EVN": 268,
    "ER": 0.3414012738853503,
    "count": 1915
}