{
    "sql": {
        "ASR": 0.08662026295436968,
        "SAQ": 33.214285714285715,
        "TAQ": 94.21052631578948,
        "EVN": 27,
        "ER": 0.05793991416309013,
        "AF": {
            "0": 2689,
            "3": 2,
            "1": 17,
            "9": 784,
            "2": 4,
            "6": 1,
            "11": 44,
            "7": 10,
            "4": 5,
            "10": 128,
            "5": 2,
            "8": 34
        },
        "Count": 1293
    },
    "xss": {
        "ASR": 0.8257575757575758,
        "SAQ": 19.392201834862384,
        "TAQ": 33.311195445920305,
        "EVN": 228,
        "ER": 0.794425087108014,
        "AF": {
            "2": 48,
            "13": 5298,
            "5": 241,
            "4": 10,
            "16": 27,
            "11": 7,
            "14": 12,
            "19": 151,
            "18": 1164,
            "20": 154,
            "0": 9,
            "8": 17,
            "17": 1097,
            "9": 121,
            "3": 14,
            "10": 35,
            "1": 6,
            "12": 13,
            "7": 18,
            "6": 13
        },
        "Count": 528
    },
    "ASR": 0.30093355299286106,
    "SAQ": 22.217153284671532,
    "TAQ": 76.56679494227598,
    "EVN": 255,
    "ER": 0.3386454183266932,
    "count": 1821
}