{
    "sql": {
        "ASR": 0.14688856729377714,
        "SAQ": 45.714285714285715,
        "TAQ": 92.02027516292542,
        "EVN": 70,
        "ER": 0.14925373134328357,
        "AF": {
            "8": 85,
            "9": 5686,
            "3": 6,
            "2": 2,
            "11": 3,
            "7": 4,
            "0": 3489,
            "10": 2,
            "6": 3
        },
        "Count": 1382
    },
    "xss": {
        "ASR": 0.8503649635036497,
        "SAQ": 21.068669527896997,
        "TAQ": 32.75685557586837,
        "EVN": 249,
        "ER": 0.7732919254658385,
        "AF": {
            "2": 5,
            "5": 93,
            "1": 8,
            "8": 15,
            "14": 5,
            "7": 12,
            "17": 1988,
            "13": 7407,
            "9": 17,
            "20": 59,
            "0": 3,
            "18": 3,
            "4": 16,
            "19": 16,
            "12": 27,
            "10": 16,
            "11": 23,
            "6": 21,
            "3": 9,
            "16": 74,
            "15": 1
        },
        "Count": 548
    },
    "ASR": 0.3466321243523316,
    "SAQ": 28.54708520179372,
    "TAQ": 75.20643153526972,
    "EVN": 319,
    "ER": 0.40328697850821743,
    "count": 1930
}