{
    "sql": {
        "ASR": 0.08785332314744079,
        "SAQ": 37.33913043478261,
        "TAQ": 94.4908256880734,
        "EVN": 33,
        "ER": 0.07081545064377683,
        "AF": {
            "5": 1,
            "8": 2,
            "7": 3,
            "9": 236,
            "1": 2,
            "11": 99,
            "0": 3799,
            "3": 2,
            "10": 75,
            "6": 75
        },
        "Count": 1309
    },
    "xss": {
        "ASR": 0.677536231884058,
        "SAQ": 21.43850267379679,
        "TAQ": 46.67513611615245,
        "EVN": 207,
        "ER": 0.6428571428571429,
        "AF": {
            "19": 92,
            "11": 29,
            "13": 5238,
            "1": 9,
            "20": 300,
            "2": 10,
            "10": 21,
            "12": 27,
            "17": 1454,
            "6": 55,
            "4": 11,
            "0": 10,
            "14": 109,
            "7": 33,
            "16": 91,
            "3": 12,
            "5": 19,
            "18": 414,
            "9": 54,
            "8": 28,
            "15": 2
        },
        "Count": 552
    },
    "ASR": 0.26276195593766793,
    "SAQ": 25.177914110429448,
    "TAQ": 80.31845077998923,
    "EVN": 240,
    "ER": 0.30456852791878175,
    "count": 1861
}