{
    "sql": {
        "ASR": 0.0653735632183908,
        "SAQ": 31.53846153846154,
        "TAQ": 95.52120776419842,
        "EVN": 23,
        "ER": 0.04722792607802875,
        "AF": {
            "8": 3,
            "1": 256,
            "0": 2494,
            "4": 18,
            "5": 2,
            "7": 4,
            "11": 33,
            "3": 32,
            "9": 5,
            "2": 2,
            "10": 19,
            "6": 2
        },
        "Count": 1392
    },
    "xss": {
        "ASR": 0.7996389891696751,
        "SAQ": 21.397291196388263,
        "TAQ": 37.03254972875226,
        "EVN": 243,
        "ER": 0.745398773006135,
        "AF": {
            "7": 7,
            "16": 189,
            "11": 39,
            "18": 50,
            "14": 137,
            "3": 22,
            "4": 25,
            "8": 10,
            "20": 233,
            "12": 22,
            "10": 11,
            "19": 101,
            "2": 16,
            "17": 13,
            "5": 8522,
            "6": 9,
            "1": 9,
            "13": 35,
            "9": 19,
            "0": 8,
            "15": 2
        },
        "Count": 554
    },
    "ASR": 0.2744090441932169,
    "SAQ": 23.125468164794007,
    "TAQ": 78.8832304526749,
    "EVN": 266,
    "ER": 0.32718327183271834,
    "count": 1946
}